sim_id,p_msmw_w,measure,method,value
0.05_014,0.05,MSM_group_to_WSM_group_proportion,MSM+MSMW,0.0022155439050606
0.05_014,0.05,MSM_group_to_WSM_group_triplet_proportion,MSM+MSMW,0.0010309956785925
0.05_014,0.05,WSM_group_to_MSM_group_proportion,MSM+MSMW,0.0013161646960756
0.05_014,0.05,WSM_group_to_MSM_group_triplet_proportion,MSM+MSMW,0.0007458266611095
0.05_014,0.05,average_time_in_MSM_network,MSM+MSMW,632.9664804469273
0.05_014,0.05,average_time_in_WSM_network,MSM+MSMW,88.13845461702846
0.05_014,0.05,average_time_in_network_overall,MSM+MSMW,371.9293528048715
0.05_014,0.05,total_between_network_proportion,MSM+MSMW,0.0035317086011362
0.05_014,0.05,total_triplet_proportion,MSM+MSMW,0.0017768223397021
0.05_014,0.05,MSM_group_to_WSM_group_proportion,MSMW+MSW,0.0175269265360738
0.05_014,0.05,MSM_group_to_WSM_group_triplet_proportion,MSMW+MSW,0.0122403316735034
0.05_014,0.05,WSM_group_to_MSM_group_proportion,MSMW+MSW,0.0179217759448965
0.05_014,0.05,WSM_group_to_MSM_group_triplet_proportion,MSMW+MSW,0.0034659003663325
0.05_014,0.05,average_time_in_MSM_network,MSMW+MSW,192.2524710147406
0.05_014,0.05,average_time_in_WSM_network,MSMW+MSW,39.03105644707208
0.05_014,0.05,average_time_in_network_overall,MSMW+MSW,116.73534819183072
0.05_014,0.05,total_between_network_proportion,MSMW+MSW,0.0354487024809704
0.05_014,0.05,total_triplet_proportion,MSMW+MSW,0.0157062320398359
0.05_016,0.05,MSM_group_to_WSM_group_proportion,MSM+MSMW,0.0037279297411032
0.05_016,0.05,MSM_group_to_WSM_group_triplet_proportion,MSM+MSMW,0.0023556856646235
0.05_016,0.05,WSM_group_to_MSM_group_proportion,MSM+MSMW,0.0024242978684475
0.05_016,0.05,WSM_group_to_MSM_group_triplet_proportion,MSM+MSMW,0.0015780806879516
0.05_016,0.05,average_time_in_MSM_network,MSM+MSMW,1004.397208600528
0.05_016,0.05,average_time_in_WSM_network,MSM+MSMW,342.10347752332484
0.05_016,0.05,average_time_in_network_overall,MSM+MSMW,692.6206827710122
0.05_016,0.05,total_between_network_proportion,MSM+MSMW,0.0061522276095508
0.05_016,0.05,total_triplet_proportion,MSM+MSMW,0.0039337663525752
0.05_016,0.05,MSM_group_to_WSM_group_proportion,MSMW+MSW,0.0215213612661238
0.05_016,0.05,MSM_group_to_WSM_group_triplet_proportion,MSMW+MSW,0.0142942091299972
0.05_016,0.05,WSM_group_to_MSM_group_proportion,MSMW+MSW,0.0239914006037873
0.05_016,0.05,WSM_group_to_MSM_group_triplet_proportion,MSMW+MSW,0.0060607446711188
0.05_016,0.05,average_time_in_MSM_network,MSMW+MSW,124.25949264606666
0.05_016,0.05,average_time_in_WSM_network,MSMW+MSW,27.93892109390984
0.05_016,0.05,average_time_in_network_overall,MSMW+MSW,76.35891470239105
0.05_016,0.05,total_between_network_proportion,MSMW+MSW,0.0455127618699112
0.05_016,0.05,total_triplet_proportion,MSMW+MSW,0.020354953801116
0.05_027,0.05,MSM_group_to_WSM_group_proportion,MSM+MSMW,0.0026881108048385
0.05_027,0.05,MSM_group_to_WSM_group_triplet_proportion,MSM+MSMW,0.0019819122035674
0.05_027,0.05,WSM_group_to_MSM_group_proportion,MSM+MSMW,0.0018907898034034
0.05_027,0.05,WSM_group_to_MSM_group_triplet_proportion,MSM+MSMW,0.0009112240016402
0.05_027,0.05,average_time_in_MSM_network,MSM+MSMW,779.0682684341342
0.05_027,0.05,average_time_in_WSM_network,MSM+MSMW,171.415770609319
0.05_027,0.05,average_time_in_network_overall,MSM+MSMW,550.9627406334092
0.05_027,0.05,total_between_network_proportion,MSM+MSMW,0.004578900608242
0.05_027,0.05,total_triplet_proportion,MSM+MSMW,0.0028931362052076
0.05_027,0.05,MSM_group_to_WSM_group_proportion,MSMW+MSW,0.0215276670387498
0.05_027,0.05,MSM_group_to_WSM_group_triplet_proportion,MSMW+MSW,0.0147618288265712
0.05_027,0.05,WSM_group_to_MSM_group_proportion,MSMW+MSW,0.0257648586463767
0.05_027,0.05,WSM_group_to_MSM_group_triplet_proportion,MSMW+MSW,0.0033259676059867
0.05_027,0.05,average_time_in_MSM_network,MSMW+MSW,178.2674176098716
0.05_027,0.05,average_time_in_WSM_network,MSMW+MSW,21.716837977679297
0.05_027,0.05,average_time_in_network_overall,MSMW+MSW,102.56705374172556
0.05_027,0.05,total_between_network_proportion,MSMW+MSW,0.0472925256851265
0.05_027,0.05,total_triplet_proportion,MSMW+MSW,0.018087796432558
0.05_034,0.05,MSM_group_to_WSM_group_proportion,MSM+MSMW,0.0031719976930925
0.05_034,0.05,MSM_group_to_WSM_group_triplet_proportion,MSM+MSMW,0.001597089747571
0.05_034,0.05,WSM_group_to_MSM_group_proportion,MSM+MSMW,0.0019741803824142
0.05_034,0.05,WSM_group_to_MSM_group_triplet_proportion,MSM+MSMW,0.001597089747571
0.05_034,0.05,average_time_in_MSM_network,MSM+MSMW,1101.5404545454546
0.05_034,0.05,average_time_in_WSM_network,MSM+MSMW,804.6201867933803
0.05_034,0.05,average_time_in_network_overall,MSM+MSMW,883.2935083704685
0.05_034,0.05,total_between_network_proportion,MSM+MSMW,0.0051461780755068
0.05_034,0.05,total_triplet_proportion,MSM+MSMW,0.0031941794951421
0.05_034,0.05,MSM_group_to_WSM_group_proportion,MSMW+MSW,0.0212723481655649
0.05_034,0.05,MSM_group_to_WSM_group_triplet_proportion,MSMW+MSW,0.0149283527793797
0.05_034,0.05,WSM_group_to_MSM_group_proportion,MSMW+MSW,0.0272392529169069
0.05_034,0.05,WSM_group_to_MSM_group_triplet_proportion,MSMW+MSW,0.0055010869083004
0.05_034,0.05,average_time_in_MSM_network,MSMW+MSW,142.18728240162912
0.05_034,0.05,average_time_in_WSM_network,MSMW+MSW,117.0580060298187
0.05_034,0.05,average_time_in_network_overall,MSMW+MSW,129.25449811360858
0.05_034,0.05,total_between_network_proportion,MSMW+MSW,0.0485116010824719
0.05_034,0.05,total_triplet_proportion,MSMW+MSW,0.0204294396876802
0.05_048,0.05,MSM_group_to_WSM_group_proportion,MSM+MSMW,0.0042997782014864
0.05_048,0.05,MSM_group_to_WSM_group_triplet_proportion,MSM+MSMW,0.0036188178528347
0.05_048,0.05,WSM_group_to_MSM_group_proportion,MSM+MSMW,0.002937857504183
0.05_048,0.05,WSM_group_to_MSM_group_triplet_proportion,MSM+MSMW,0.0011284485777656
0.05_048,0.05,average_time_in_MSM_network,MSM+MSMW,600.6215142219744
0.05_048,0.05,average_time_in_WSM_network,MSM+MSMW,389.2793522267207
0.05_048,0.05,average_time_in_network_overall,MSM+MSMW,548.5214582129537
0.05_048,0.05,total_between_network_proportion,MSM+MSMW,0.0072376357056694
0.05_048,0.05,total_triplet_proportion,MSM+MSMW,0.0047472664306004
0.05_048,0.05,MSM_group_to_WSM_group_proportion,MSMW+MSW,0.0200007782403984
0.05_048,0.05,MSM_group_to_WSM_group_triplet_proportion,MSMW+MSW,0.016965640686408
0.05_048,0.05,WSM_group_to_MSM_group_proportion,MSMW+MSW,0.0206233705591657
0.05_048,0.05,WSM_group_to_MSM_group_triplet_proportion,MSMW+MSW,0.0033658897233355
0.05_048,0.05,average_time_in_MSM_network,MSMW+MSW,152.43043228520077
0.05_048,0.05,average_time_in_WSM_network,MSMW+MSW,24.427734434912423
0.05_048,0.05,average_time_in_network_overall,MSMW+MSW,91.58315713751053
0.05_048,0.05,total_between_network_proportion,MSMW+MSW,0.0406241487995641
0.05_048,0.05,total_triplet_proportion,MSMW+MSW,0.0203315304097435
0.05_052,0.05,MSM_group_to_WSM_group_proportion,MSM+MSMW,0.0022712090848363
0.05_052,0.05,MSM_group_to_WSM_group_triplet_proportion,MSM+MSMW,0.0015364061456245
0.05_052,0.05,WSM_group_to_MSM_group_proportion,MSM+MSMW,0.0023380093520374
0.05_052,0.05,WSM_group_to_MSM_group_triplet_proportion,MSM+MSMW,0.002004008016032
0.05_052,0.05,average_time_in_MSM_network,MSM+MSMW,736.6455549099361
0.05_052,0.05,average_time_in_WSM_network,MSM+MSMW,1006.1249270286048
0.05_052,0.05,average_time_in_network_overall,MSM+MSMW,898.0316979373033
0.05_052,0.05,total_between_network_proportion,MSM+MSMW,0.0046092184368737
0.05_052,0.05,total_triplet_proportion,MSM+MSMW,0.0035404141616566
0.05_052,0.05,MSM_group_to_WSM_group_proportion,MSMW+MSW,0.0185704742818971
0.05_052,0.05,MSM_group_to_WSM_group_triplet_proportion,MSMW+MSW,0.0124693832108661
0.05_052,0.05,WSM_group_to_MSM_group_proportion,MSMW+MSW,0.0212424849699398
0.05_052,0.05,WSM_group_to_MSM_group_triplet_proportion,MSMW+MSW,0.0009574704965486
0.05_052,0.05,average_time_in_MSM_network,MSMW+MSW,99.37485413405436
0.05_052,0.05,average_time_in_WSM_network,MSMW+MSW,83.11493151457077
0.05_052,0.05,average_time_in_network_overall,MSMW+MSW,91.20494356882904
0.05_052,0.05,total_between_network_proportion,MSMW+MSW,0.039812959251837
0.05_052,0.05,total_triplet_proportion,MSMW+MSW,0.0134268537074148
0.05_056,0.05,MSM_group_to_WSM_group_proportion,MSM+MSMW,0.0042734120389355
0.05_056,0.05,MSM_group_to_WSM_group_triplet_proportion,MSM+MSMW,0.0027626098029482
0.05_056,0.05,WSM_group_to_MSM_group_proportion,MSM+MSMW,0.0022877862430664
0.05_056,0.05,WSM_group_to_MSM_group_triplet_proportion,MSM+MSMW,0.0018129626831847
0.05_056,0.05,average_time_in_MSM_network,MSM+MSMW,928.3033467837644
0.05_056,0.05,average_time_in_WSM_network,MSM+MSMW,102.84285508706289
0.05_056,0.05,average_time_in_network_overall,MSM+MSMW,555.2220487804879
0.05_056,0.05,total_between_network_proportion,MSM+MSMW,0.006561198282002
0.05_056,0.05,total_triplet_proportion,MSM+MSMW,0.0045755724861329
0.05_056,0.05,MSM_group_to_WSM_group_proportion,MSMW+MSW,0.0257915524572119
0.05_056,0.05,MSM_group_to_WSM_group_triplet_proportion,MSMW+MSW,0.0183670386117885
0.05_056,0.05,WSM_group_to_MSM_group_proportion,MSMW+MSW,0.0330218203008654
0.05_056,0.05,WSM_group_to_MSM_group_triplet_proportion,MSMW+MSW,0.0065827811710875
0.05_056,0.05,average_time_in_MSM_network,MSMW+MSW,86.56092129632967
0.05_056,0.05,average_time_in_WSM_network,MSMW+MSW,37.357599900774105
0.05_056,0.05,average_time_in_network_overall,MSMW+MSW,62.11089035682433
0.05_056,0.05,total_between_network_proportion,MSMW+MSW,0.0588133727580773
0.05_056,0.05,total_triplet_proportion,MSMW+MSW,0.0249498197828761
0.05_072,0.05,MSM_group_to_WSM_group_proportion,MSM+MSMW,0.0028160134496164
0.05_072,0.05,MSM_group_to_WSM_group_triplet_proportion,MSM+MSMW,0.0021645476515708
0.05_072,0.05,WSM_group_to_MSM_group_proportion,MSM+MSMW,0.0017232321109593
0.05_072,0.05,WSM_group_to_MSM_group_triplet_proportion,MSM+MSMW,0.0011558264158873
0.05_072,0.05,average_time_in_MSM_network,MSM+MSMW,493.98304790054766
0.05_072,0.05,average_time_in_WSM_network,MSM+MSMW,899.1924294978134
0.05_072,0.05,average_time_in_network_overall,MSM+MSMW,642.1546266681372
0.05_072,0.05,total_between_network_proportion,MSM+MSMW,0.0045392455605758
0.05_072,0.05,total_triplet_proportion,MSM+MSMW,0.0033203740674582
0.05_072,0.05,MSM_group_to_WSM_group_proportion,MSMW+MSW,0.0217295366186823
0.05_072,0.05,MSM_group_to_WSM_group_triplet_proportion,MSMW+MSW,0.0170011558264158
0.05_072,0.05,WSM_group_to_MSM_group_proportion,MSMW+MSW,0.025281075969318
0.05_072,0.05,WSM_group_to_MSM_group_triplet_proportion,MSMW+MSW,0.0077965745508038
0.05_072,0.05,average_time_in_MSM_network,MSMW+MSW,222.26174803149607
0.05_072,0.05,average_time_in_WSM_network,MSMW+MSW,94.93573144803028
0.05_072,0.05,average_time_in_network_overall,MSMW+MSW,161.56231098219214
0.05_072,0.05,total_between_network_proportion,MSMW+MSW,0.0470106125880004
0.05_072,0.05,total_triplet_proportion,MSMW+MSW,0.0247977303772197
0.05_077,0.05,MSM_group_to_WSM_group_proportion,MSM+MSMW,0.0026660318971673
0.05_077,0.05,MSM_group_to_WSM_group_triplet_proportion,MSM+MSMW,0.0014044275172577
0.05_077,0.05,WSM_group_to_MSM_group_proportion,MSM+MSMW,0.0018567007855272
0.05_077,0.05,WSM_group_to_MSM_group_triplet_proportion,MSM+MSMW,0.001142585098786
0.05_077,0.05,average_time_in_MSM_network,MSM+MSMW,1265.7776695877965
0.05_077,0.05,average_time_in_WSM_network,MSM+MSMW,648.7847804223935
0.05_077,0.05,average_time_in_network_overall,MSM+MSMW,962.2668205804748
0.05_077,0.05,total_between_network_proportion,MSM+MSMW,0.0045227326826945
0.05_077,0.05,total_triplet_proportion,MSM+MSMW,0.0025470126160437
0.05_077,0.05,MSM_group_to_WSM_group_proportion,MSMW+MSW,0.0215662937395858
0.05_077,0.05,MSM_group_to_WSM_group_triplet_proportion,MSMW+MSW,0.0149726255653415
0.05_077,0.05,WSM_group_to_MSM_group_proportion,MSMW+MSW,0.0261366341347298
0.05_077,0.05,WSM_group_to_MSM_group_triplet_proportion,MSMW+MSW,0.0085931920971197
0.05_077,0.05,average_time_in_MSM_network,MSMW+MSW,119.81303880026034
0.05_077,0.05,average_time_in_WSM_network,MSMW+MSW,53.06496958955975
0.05_077,0.05,average_time_in_network_overall,MSMW+MSW,86.6177252210144
0.05_077,0.05,total_between_network_proportion,MSMW+MSW,0.0477029278743156
0.05_077,0.05,total_triplet_proportion,MSMW+MSW,0.0235658176624613
0.05_088,0.05,MSM_group_to_WSM_group_proportion,MSM+MSMW,0.0021457563144696
0.05_088,0.05,MSM_group_to_WSM_group_triplet_proportion,MSM+MSMW,0.0011633618572425
0.05_088,0.05,WSM_group_to_MSM_group_proportion,MSM+MSMW,0.0016028541144231
0.05_088,0.05,WSM_group_to_MSM_group_triplet_proportion,MSM+MSMW,0.000878984514361
0.05_088,0.05,average_time_in_MSM_network,MSM+MSMW,647.9080607777491
0.05_088,0.05,average_time_in_WSM_network,MSM+MSMW,1202.0285405405405
0.05_088,0.05,average_time_in_network_overall,MSM+MSMW,949.1312881993418
0.05_088,0.05,total_between_network_proportion,MSM+MSMW,0.0037486104288927
0.05_088,0.05,total_triplet_proportion,MSM+MSMW,0.0020423463716036
0.05_088,0.05,MSM_group_to_WSM_group_proportion,MSMW+MSW,0.0210439233732323
0.05_088,0.05,MSM_group_to_WSM_group_triplet_proportion,MSMW+MSW,0.015770016287066
0.05_088,0.05,WSM_group_to_MSM_group_proportion,MSMW+MSW,0.0199839714588557
0.05_088,0.05,WSM_group_to_MSM_group_triplet_proportion,MSMW+MSW,0.0020423463716036
0.05_088,0.05,average_time_in_MSM_network,MSMW+MSW,159.67358571317408
0.05_088,0.05,average_time_in_WSM_network,MSMW+MSW,120.3561889536584
0.05_088,0.05,average_time_in_network_overall,MSMW+MSW,140.03613542751978
0.05_088,0.05,total_between_network_proportion,MSMW+MSW,0.0410278948320881
0.05_088,0.05,total_triplet_proportion,MSMW+MSW,0.0178123626586696
0.25_007,0.25,MSM_group_to_WSM_group_proportion,MSM+MSMW,0.0192599509746702
0.25_007,0.25,MSM_group_to_WSM_group_triplet_proportion,MSM+MSMW,0.0098984475312244
0.25_007,0.25,WSM_group_to_MSM_group_proportion,MSM+MSMW,0.0114158982140772
0.25_007,0.25,WSM_group_to_MSM_group_triplet_proportion,MSM+MSMW,0.0076806349947472
0.25_007,0.25,average_time_in_MSM_network,MSM+MSMW,175.75555528106818
0.25_007,0.25,average_time_in_WSM_network,MSM+MSMW,338.2045619825464
0.25_007,0.25,average_time_in_network_overall,MSM+MSMW,251.94291729796737
0.25_007,0.25,total_between_network_proportion,MSM+MSMW,0.0306758491887475
0.25_007,0.25,total_triplet_proportion,MSM+MSMW,0.0175790825259717
0.25_007,0.25,MSM_group_to_WSM_group_proportion,MSMW+MSW,0.0310260301155597
0.25_007,0.25,MSM_group_to_WSM_group_triplet_proportion,MSMW+MSW,0.0167619936967433
0.25_007,0.25,WSM_group_to_MSM_group_proportion,MSMW+MSW,0.039196918407844
0.25_007,0.25,WSM_group_to_MSM_group_triplet_proportion,MSMW+MSW,0.0106455001750904
0.25_007,0.25,average_time_in_MSM_network,MSMW+MSW,107.96918265185576
0.25_007,0.25,average_time_in_WSM_network,MSMW+MSW,216.7350235334528
0.25_007,0.25,average_time_in_network_overall,MSMW+MSW,159.95315467210932
0.25_007,0.25,total_between_network_proportion,MSMW+MSW,0.0702229485234037
0.25_007,0.25,total_triplet_proportion,MSMW+MSW,0.0274074938718337
0.25_014,0.25,MSM_group_to_WSM_group_proportion,MSM+MSMW,0.0129649878383504
0.25_014,0.25,MSM_group_to_WSM_group_triplet_proportion,MSM+MSMW,0.007230044853056
0.25_014,0.25,WSM_group_to_MSM_group_proportion,MSM+MSMW,0.009684689710575
0.25_014,0.25,WSM_group_to_MSM_group_triplet_proportion,MSM+MSMW,0.0061142971905473
0.25_014,0.25,average_time_in_MSM_network,MSM+MSMW,536.6836068291066
0.25_014,0.25,average_time_in_WSM_network,MSM+MSMW,268.0826784652975
0.25_014,0.25,average_time_in_network_overall,MSM+MSMW,402.1143239979488
0.25_014,0.25,total_between_network_proportion,MSM+MSMW,0.0226496775489255
0.25_014,0.25,total_triplet_proportion,MSM+MSMW,0.0133443420436034
0.25_014,0.25,MSM_group_to_WSM_group_proportion,MSMW+MSW,0.0236984803516836
0.25_014,0.25,MSM_group_to_WSM_group_triplet_proportion,MSMW+MSW,0.0150402784906165
0.25_014,0.25,WSM_group_to_MSM_group_proportion,MSMW+MSW,0.0251935822194452
0.25_014,0.25,WSM_group_to_MSM_group_triplet_proportion,MSMW+MSW,0.0065605962555508
0.25_014,0.25,average_time_in_MSM_network,MSMW+MSW,103.26669944165468
0.25_014,0.25,average_time_in_WSM_network,MSMW+MSW,74.08559716918333
0.25_014,0.25,average_time_in_network_overall,MSMW+MSW,88.65925990880393
0.25_014,0.25,total_between_network_proportion,MSMW+MSW,0.0488920625711289
0.25_014,0.25,total_triplet_proportion,MSMW+MSW,0.0216008747461674
0.25_016,0.25,MSM_group_to_WSM_group_proportion,MSM+MSMW,0.0146950591236936
0.25_016,0.25,MSM_group_to_WSM_group_triplet_proportion,MSM+MSMW,0.0065992836465335
0.25_016,0.25,WSM_group_to_MSM_group_proportion,MSM+MSMW,0.0096413326137088
0.25_016,0.25,WSM_group_to_MSM_group_triplet_proportion,MSM+MSMW,0.0073597958883273
0.25_016,0.25,average_time_in_MSM_network,MSM+MSMW,305.108512247629
0.25_016,0.25,average_time_in_WSM_network,MSM+MSMW,359.833319438655
0.25_016,0.25,average_time_in_network_overall,MSM+MSMW,327.6026546044365
0.25_016,0.25,total_between_network_proportion,MSM+MSMW,0.0243363917374024
0.25_016,0.25,total_triplet_proportion,MSM+MSMW,0.0139590795348609
0.25_016,0.25,MSM_group_to_WSM_group_proportion,MSMW+MSW,0.0263480692802119
0.25_016,0.25,MSM_group_to_WSM_group_triplet_proportion,MSMW+MSW,0.0170011285020362
0.25_016,0.25,WSM_group_to_MSM_group_proportion,MSMW+MSW,0.0279672243756439
0.25_016,0.25,WSM_group_to_MSM_group_triplet_proportion,MSMW+MSW,0.0140817427996663
0.25_016,0.25,average_time_in_MSM_network,MSMW+MSW,71.0136618185028
0.25_016,0.25,average_time_in_WSM_network,MSMW+MSW,45.11630122918277
0.25_016,0.25,average_time_in_network_overall,MSMW+MSW,58.560076572173344
0.25_016,0.25,total_between_network_proportion,MSMW+MSW,0.0543152936558559
0.25_016,0.25,total_triplet_proportion,MSMW+MSW,0.0310828713017025
0.25_030,0.25,MSM_group_to_WSM_group_proportion,MSM+MSMW,0.0156380143261702
0.25_030,0.25,MSM_group_to_WSM_group_triplet_proportion,MSM+MSMW,0.0091620856238547
0.25_030,0.25,WSM_group_to_MSM_group_proportion,MSM+MSMW,0.0099950024987506
0.25_030,0.25,WSM_group_to_MSM_group_triplet_proportion,MSM+MSMW,0.0066216891554222
0.25_030,0.25,average_time_in_MSM_network,MSM+MSMW,436.5543100549266
0.25_030,0.25,average_time_in_WSM_network,MSM+MSMW,570.4257924803047
0.25_030,0.25,average_time_in_network_overall,MSM+MSMW,493.9522948116606
0.25_030,0.25,total_between_network_proportion,MSM+MSMW,0.0256330168249208
0.25_030,0.25,total_triplet_proportion,MSM+MSMW,0.015783774779277
0.25_030,0.25,MSM_group_to_WSM_group_proportion,MSMW+MSW,0.0317341329335332
0.25_030,0.25,MSM_group_to_WSM_group_triplet_proportion,MSMW+MSW,0.0190737964351157
0.25_030,0.25,WSM_group_to_MSM_group_proportion,MSMW+MSW,0.0299017158087622
0.25_030,0.25,WSM_group_to_MSM_group_triplet_proportion,MSMW+MSW,0.0083499916708312
0.25_030,0.25,average_time_in_MSM_network,MSMW+MSW,96.1552646307056
0.25_030,0.25,average_time_in_WSM_network,MSMW+MSW,91.08668685290095
0.25_030,0.25,average_time_in_network_overall,MSMW+MSW,93.69245828698554
0.25_030,0.25,total_between_network_proportion,MSMW+MSW,0.0616358487422955
0.25_030,0.25,total_triplet_proportion,MSMW+MSW,0.027423788105947
0.25_047,0.25,MSM_group_to_WSM_group_proportion,MSM+MSMW,0.0235721606261064
0.25_047,0.25,MSM_group_to_WSM_group_triplet_proportion,MSM+MSMW,0.0104351066803316
0.25_047,0.25,WSM_group_to_MSM_group_proportion,MSM+MSMW,0.014301686387776
0.25_047,0.25,WSM_group_to_MSM_group_triplet_proportion,MSM+MSMW,0.0091773036429702
0.25_047,0.25,average_time_in_MSM_network,MSM+MSMW,141.77711461059334
0.25_047,0.25,average_time_in_WSM_network,MSM+MSMW,404.7594397638522
0.25_047,0.25,average_time_in_network_overall,MSM+MSMW,272.9667451509736
0.25_047,0.25,total_between_network_proportion,MSM+MSMW,0.0378738470138824
0.25_047,0.25,total_triplet_proportion,MSM+MSMW,0.0196124103233019
0.25_047,0.25,MSM_group_to_WSM_group_proportion,MSMW+MSW,0.0297912978663933
0.25_047,0.25,MSM_group_to_WSM_group_triplet_proportion,MSMW+MSW,0.0142783937389359
0.25_047,0.25,WSM_group_to_MSM_group_proportion,MSMW+MSW,0.0413444516910463
0.25_047,0.25,WSM_group_to_MSM_group_triplet_proportion,MSMW+MSW,0.0237352091679865
0.25_047,0.25,average_time_in_MSM_network,MSMW+MSW,34.07593177357018
0.25_047,0.25,average_time_in_WSM_network,MSMW+MSW,160.96464979740855
0.25_047,0.25,average_time_in_network_overall,MSMW+MSW,97.15210106961872
0.25_047,0.25,total_between_network_proportion,MSMW+MSW,0.0711357495574396
0.25_047,0.25,total_triplet_proportion,MSMW+MSW,0.0380136029069225
0.25_061,0.25,MSM_group_to_WSM_group_proportion,MSM+MSMW,0.016867112834317
0.25_061,0.25,MSM_group_to_WSM_group_triplet_proportion,MSM+MSMW,0.0078038179438421
0.25_061,0.25,WSM_group_to_MSM_group_proportion,MSM+MSMW,0.0116810312893586
0.25_061,0.25,WSM_group_to_MSM_group_triplet_proportion,MSM+MSMW,0.007754426691033
0.25_061,0.25,average_time_in_MSM_network,MSM+MSMW,289.8840800527096
0.25_061,0.25,average_time_in_WSM_network,MSM+MSMW,711.4673619566944
0.25_061,0.25,average_time_in_network_overall,MSM+MSMW,474.3346999281959
0.25_061,0.25,total_between_network_proportion,MSM+MSMW,0.0285481441236756
0.25_061,0.25,total_triplet_proportion,MSM+MSMW,0.0155582446348751
0.25_061,0.25,MSM_group_to_WSM_group_proportion,MSMW+MSW,0.0294371866742399
0.25_061,0.25,MSM_group_to_WSM_group_triplet_proportion,MSMW+MSW,0.0156817227668979
0.25_061,0.25,WSM_group_to_MSM_group_proportion,MSMW+MSW,0.036450744573136
0.25_061,0.25,WSM_group_to_MSM_group_triplet_proportion,MSMW+MSW,0.0168918084607216
0.25_061,0.25,average_time_in_MSM_network,MSMW+MSW,48.22109822677435
0.25_061,0.25,average_time_in_WSM_network,MSMW+MSW,135.9064519863397
0.25_061,0.25,average_time_in_network_overall,MSMW+MSW,90.60073762198505
0.25_061,0.25,total_between_network_proportion,MSMW+MSW,0.065887931247376
0.25_061,0.25,total_triplet_proportion,MSMW+MSW,0.0325735312276195
0.25_062,0.25,MSM_group_to_WSM_group_proportion,MSM+MSMW,0.0201107050501164
0.25_062,0.25,MSM_group_to_WSM_group_triplet_proportion,MSM+MSMW,0.011711653950546
0.25_062,0.25,WSM_group_to_MSM_group_proportion,MSM+MSMW,0.0107285589109016
0.25_062,0.25,WSM_group_to_MSM_group_triplet_proportion,MSM+MSMW,0.0059413135004594
0.25_062,0.25,average_time_in_MSM_network,MSM+MSMW,356.752004464701
0.25_062,0.25,average_time_in_WSM_network,MSM+MSMW,290.8641016431714
0.25_062,0.25,average_time_in_network_overall,MSM+MSMW,326.8935637773008
0.25_062,0.25,total_between_network_proportion,MSM+MSMW,0.0308392639610181
0.25_062,0.25,total_triplet_proportion,MSM+MSMW,0.0176529674510055
0.25_062,0.25,MSM_group_to_WSM_group_proportion,MSMW+MSW,0.0384261930713171
0.25_062,0.25,MSM_group_to_WSM_group_triplet_proportion,MSMW+MSW,0.0199611036310401
0.25_062,0.25,WSM_group_to_MSM_group_proportion,MSMW+MSW,0.0471458186403368
0.25_062,0.25,WSM_group_to_MSM_group_triplet_proportion,MSMW+MSW,0.0139129319740975
0.25_062,0.25,average_time_in_MSM_network,MSMW+MSW,58.34190133297487
0.25_062,0.25,average_time_in_WSM_network,MSMW+MSW,53.27549031024496
0.25_062,0.25,average_time_in_network_overall,MSMW+MSW,55.85098936574951
0.25_062,0.25,total_between_network_proportion,MSMW+MSW,0.0855720117116539
0.25_062,0.25,total_triplet_proportion,MSMW+MSW,0.0338740356051377
0.25_069,0.25,MSM_group_to_WSM_group_proportion,MSM+MSMW,0.0147607615697273
0.25_069,0.25,MSM_group_to_WSM_group_triplet_proportion,MSM+MSMW,0.0068455705830619
0.25_069,0.25,WSM_group_to_MSM_group_proportion,MSM+MSMW,0.0096265836324308
0.25_069,0.25,WSM_group_to_MSM_group_triplet_proportion,MSM+MSMW,0.0060611822870861
0.25_069,0.25,average_time_in_MSM_network,MSM+MSMW,232.67448157442877
0.25_069,0.25,average_time_in_WSM_network,MSM+MSMW,281.98728706465147
0.25_069,0.25,average_time_in_network_overall,MSM+MSMW,252.1594763017557
0.25_069,0.25,total_between_network_proportion,MSM+MSMW,0.0243873452021582
0.25_069,0.25,total_triplet_proportion,MSM+MSMW,0.012906752870148
0.25_069,0.25,MSM_group_to_WSM_group_proportion,MSMW+MSW,0.0322312281619167
0.25_069,0.25,MSM_group_to_WSM_group_triplet_proportion,MSMW+MSW,0.0196572460840008
0.25_069,0.25,WSM_group_to_MSM_group_proportion,MSMW+MSW,0.0318509186850799
0.25_069,0.25,WSM_group_to_MSM_group_triplet_proportion,MSMW+MSW,0.0136673718238216
0.25_069,0.25,average_time_in_MSM_network,MSMW+MSW,58.23220124613134
0.25_069,0.25,average_time_in_WSM_network,MSMW+MSW,91.7186494987454
0.25_069,0.25,average_time_in_network_overall,MSMW+MSW,74.88728119644348
0.25_069,0.25,total_between_network_proportion,MSMW+MSW,0.0640821468469967
0.25_069,0.25,total_triplet_proportion,MSMW+MSW,0.0333246179078224
0.25_071,0.25,MSM_group_to_WSM_group_proportion,MSM+MSMW,0.0196456183933686
0.25_071,0.25,MSM_group_to_WSM_group_triplet_proportion,MSM+MSMW,0.0086440720930822
0.25_071,0.25,WSM_group_to_MSM_group_proportion,MSM+MSMW,0.01171132348095
0.25_071,0.25,WSM_group_to_MSM_group_triplet_proportion,MSM+MSMW,0.0057542650003802
0.25_071,0.25,average_time_in_MSM_network,MSM+MSMW,309.6219728654494
0.25_071,0.25,average_time_in_WSM_network,MSM+MSMW,359.5254575185359
0.25_071,0.25,average_time_in_network_overall,MSM+MSMW,333.4089559888104
0.25_071,0.25,total_between_network_proportion,MSM+MSMW,0.0313569418743187
0.25_071,0.25,total_triplet_proportion,MSM+MSMW,0.0143983370934624
0.25_071,0.25,MSM_group_to_WSM_group_proportion,MSMW+MSW,0.0305964663236076
0.25_071,0.25,MSM_group_to_WSM_group_triplet_proportion,MSMW+MSW,0.0188597936576339
0.25_071,0.25,WSM_group_to_MSM_group_proportion,MSMW+MSW,0.0306471646936551
0.25_071,0.25,WSM_group_to_MSM_group_triplet_proportion,MSMW+MSW,0.0110775938553575
0.25_071,0.25,average_time_in_MSM_network,MSMW+MSW,67.04766062838364
0.25_071,0.25,average_time_in_WSM_network,MSMW+MSW,94.66928285709646
0.25_071,0.25,average_time_in_network_overall,MSMW+MSW,80.70273850171792
0.25_071,0.25,total_between_network_proportion,MSMW+MSW,0.0612436310172627
0.25_071,0.25,total_triplet_proportion,MSMW+MSW,0.0299373875129914
0.25_094,0.25,MSM_group_to_WSM_group_proportion,MSM+MSMW,0.0209705950214064
0.25_094,0.25,MSM_group_to_WSM_group_triplet_proportion,MSM+MSMW,0.0094085676929781
0.25_094,0.25,WSM_group_to_MSM_group_proportion,MSM+MSMW,0.0114082087830389
0.25_094,0.25,WSM_group_to_MSM_group_triplet_proportion,MSM+MSMW,0.00612710539134
0.25_094,0.25,average_time_in_MSM_network,MSM+MSMW,234.15880332381985
0.25_094,0.25,average_time_in_WSM_network,MSM+MSMW,210.86689405881395
0.25_094,0.25,average_time_in_network_overall,MSM+MSMW,222.9395839606216
0.25_094,0.25,total_between_network_proportion,MSM+MSMW,0.0323788038044453
0.25_094,0.25,total_triplet_proportion,MSM+MSMW,0.0155356730843182
0.25_094,0.25,MSM_group_to_WSM_group_proportion,MSMW+MSW,0.0372497244084395
0.25_094,0.25,MSM_group_to_WSM_group_triplet_proportion,MSMW+MSW,0.0212782321121849
0.25_094,0.25,WSM_group_to_MSM_group_proportion,MSMW+MSW,0.0448893788294408
0.25_094,0.25,WSM_group_to_MSM_group_triplet_proportion,MSMW+MSW,0.0156638552054759
0.25_094,0.25,average_time_in_MSM_network,MSMW+MSW,71.78544404989867
0.25_094,0.25,average_time_in_WSM_network,MSMW+MSW,86.44296226621252
0.25_094,0.25,average_time_in_network_overall,MSMW+MSW,79.03405558935951
0.25_094,0.25,total_between_network_proportion,MSMW+MSW,0.0821391032378803
0.25_094,0.25,total_triplet_proportion,MSMW+MSW,0.0369420873176609
0.5_009,0.5,MSM_group_to_WSM_group_proportion,MSM+MSMW,0.0281996827871717
0.5_009,0.5,MSM_group_to_WSM_group_triplet_proportion,MSM+MSMW,0.007876555821393
0.5_009,0.5,WSM_group_to_MSM_group_proportion,MSM+MSMW,0.018522003279658
0.5_009,0.5,WSM_group_to_MSM_group_triplet_proportion,MSM+MSMW,0.0100540337105836
0.5_009,0.5,average_time_in_MSM_network,MSM+MSMW,145.54119035684835
0.5_009,0.5,average_time_in_WSM_network,MSM+MSMW,341.3234898899412
0.5_009,0.5,average_time_in_network_overall,MSM+MSMW,243.95580536993705
0.5_009,0.5,total_between_network_proportion,MSM+MSMW,0.0467216860668297
0.5_009,0.5,total_triplet_proportion,MSM+MSMW,0.0179305895319766
0.5_009,0.5,MSM_group_to_WSM_group_proportion,MSMW+MSW,0.0209951880426893
0.5_009,0.5,MSM_group_to_WSM_group_triplet_proportion,MSMW+MSW,0.0181994139627409
0.5_009,0.5,WSM_group_to_MSM_group_proportion,MSMW+MSW,0.0173391757842952
0.5_009,0.5,WSM_group_to_MSM_group_triplet_proportion,MSMW+MSW,0.0097314443936664
0.5_009,0.5,average_time_in_MSM_network,MSMW+MSW,139.68329605737418
0.5_009,0.5,average_time_in_WSM_network,MSMW+MSW,281.0240704999818
0.5_009,0.5,average_time_in_network_overall,MSMW+MSW,210.8858681195711
0.5_009,0.5,total_between_network_proportion,MSMW+MSW,0.0383343638269845
0.5_009,0.5,total_triplet_proportion,MSMW+MSW,0.0279308583564074
0.5_017,0.5,MSM_group_to_WSM_group_proportion,MSM+MSMW,0.0358255806018697
0.5_017,0.5,MSM_group_to_WSM_group_triplet_proportion,MSM+MSMW,0.0130109410185838
0.5_017,0.5,WSM_group_to_MSM_group_proportion,MSM+MSMW,0.0220640083706753
0.5_017,0.5,WSM_group_to_MSM_group_triplet_proportion,MSM+MSMW,0.0116916497964197
0.5_017,0.5,average_time_in_MSM_network,MSM+MSMW,155.06089046583494
0.5_017,0.5,average_time_in_WSM_network,MSM+MSMW,375.2491804185744
0.5_017,0.5,average_time_in_network_overall,MSM+MSMW,260.5302731139764
0.5_017,0.5,total_between_network_proportion,MSM+MSMW,0.057889588972545
0.5_017,0.5,total_triplet_proportion,MSM+MSMW,0.0247025908150035
0.5_017,0.5,MSM_group_to_WSM_group_proportion,MSMW+MSW,0.0256351932306712
0.5_017,0.5,MSM_group_to_WSM_group_triplet_proportion,MSMW+MSW,0.0168550826831653
0.5_017,0.5,WSM_group_to_MSM_group_proportion,MSMW+MSW,0.0286149716807315
0.5_017,0.5,WSM_group_to_MSM_group_triplet_proportion,MSMW+MSW,0.0115551713941268
0.5_017,0.5,average_time_in_MSM_network,MSMW+MSW,93.81770642774916
0.5_017,0.5,average_time_in_WSM_network,MSMW+MSW,173.19402158342086
0.5_017,0.5,average_time_in_network_overall,MSMW+MSW,132.15998449977164
0.5_017,0.5,total_between_network_proportion,MSMW+MSW,0.0542501649114027
0.5_017,0.5,total_triplet_proportion,MSMW+MSW,0.0284102540772922
0.5_026,0.5,MSM_group_to_WSM_group_proportion,MSM+MSMW,0.0222454536613828
0.5_026,0.5,MSM_group_to_WSM_group_triplet_proportion,MSM+MSMW,0.0088009335796946
0.5_026,0.5,WSM_group_to_MSM_group_proportion,MSM+MSMW,0.0146114946999902
0.5_026,0.5,WSM_group_to_MSM_group_triplet_proportion,MSM+MSMW,0.0083876300690459
0.5_026,0.5,average_time_in_MSM_network,MSM+MSMW,415.8553498138781
0.5_026,0.5,average_time_in_WSM_network,MSM+MSMW,711.5522776757888
0.5_026,0.5,average_time_in_network_overall,MSM+MSMW,571.929648241206
0.5_026,0.5,total_between_network_proportion,MSM+MSMW,0.0368569483613731
0.5_026,0.5,total_triplet_proportion,MSM+MSMW,0.0171885636487406
0.5_026,0.5,MSM_group_to_WSM_group_proportion,MSMW+MSW,0.0194495769717008
0.5_026,0.5,MSM_group_to_WSM_group_triplet_proportion,MSMW+MSW,0.0138091996499076
0.5_026,0.5,WSM_group_to_MSM_group_proportion,MSMW+MSW,0.0171156277350967
0.5_026,0.5,WSM_group_to_MSM_group_triplet_proportion,MSMW+MSW,0.0050325780414275
0.5_026,0.5,average_time_in_MSM_network,MSMW+MSW,204.3841170773701
0.5_026,0.5,average_time_in_WSM_network,MSMW+MSW,204.355565835401
0.5_026,0.5,average_time_in_network_overall,MSMW+MSW,204.36967550492963
0.5_026,0.5,total_between_network_proportion,MSMW+MSW,0.0365652047067976
0.5_026,0.5,total_triplet_proportion,MSMW+MSW,0.0188417776913352
0.5_037,0.5,MSM_group_to_WSM_group_proportion,MSM+MSMW,0.0305134539627428
0.5_037,0.5,MSM_group_to_WSM_group_triplet_proportion,MSM+MSMW,0.010059869577797
0.5_037,0.5,WSM_group_to_MSM_group_proportion,MSM+MSMW,0.0196078431372549
0.5_037,0.5,WSM_group_to_MSM_group_triplet_proportion,MSM+MSMW,0.0111059179630989
0.5_037,0.5,average_time_in_MSM_network,MSM+MSMW,103.81609180581523
0.5_037,0.5,average_time_in_WSM_network,MSM+MSMW,404.8756643700788
0.5_037,0.5,average_time_in_network_overall,MSM+MSMW,257.87610413322
0.5_037,0.5,total_between_network_proportion,MSM+MSMW,0.0501212970999977
0.5_037,0.5,total_triplet_proportion,MSM+MSMW,0.021165787540896
0.5_037,0.5,MSM_group_to_WSM_group_proportion,MSMW+MSW,0.0193852796510204
0.5_037,0.5,MSM_group_to_WSM_group_triplet_proportion,MSMW+MSW,0.012908682201598
0.5_037,0.5,WSM_group_to_MSM_group_proportion,MSMW+MSW,0.0232801406601233
0.5_037,0.5,WSM_group_to_MSM_group_triplet_proportion,MSMW+MSW,0.0103937148071487
0.5_037,0.5,average_time_in_MSM_network,MSMW+MSW,79.17707591330009
0.5_037,0.5,average_time_in_WSM_network,MSMW+MSW,348.8259259711852
0.5_037,0.5,average_time_in_network_overall,MSMW+MSW,216.7047286053512
0.5_037,0.5,total_between_network_proportion,MSMW+MSW,0.0426654203111437
0.5_037,0.5,total_triplet_proportion,MSMW+MSW,0.0233023970087467
0.5_046,0.5,MSM_group_to_WSM_group_proportion,MSM+MSMW,0.0440118877469997
0.5_046,0.5,MSM_group_to_WSM_group_triplet_proportion,MSM+MSMW,0.0111844642573561
0.5_046,0.5,WSM_group_to_MSM_group_proportion,MSM+MSMW,0.0256584768256993
0.5_046,0.5,WSM_group_to_MSM_group_triplet_proportion,MSM+MSMW,0.0121146124004628
0.5_046,0.5,average_time_in_MSM_network,MSM+MSMW,108.12840958032254
0.5_046,0.5,average_time_in_WSM_network,MSM+MSMW,170.60417116455807
0.5_046,0.5,average_time_in_network_overall,MSM+MSMW,138.88599072547214
0.5_046,0.5,total_between_network_proportion,MSM+MSMW,0.069670364572699
0.5_046,0.5,total_triplet_proportion,MSM+MSMW,0.0232990766578189
0.5_046,0.5,MSM_group_to_WSM_group_proportion,MSMW+MSW,0.0265432518886544
0.5_046,0.5,MSM_group_to_WSM_group_triplet_proportion,MSMW+MSW,0.0093468545112184
0.5_046,0.5,WSM_group_to_MSM_group_proportion,MSMW+MSW,0.0362304045010095
0.5_046,0.5,WSM_group_to_MSM_group_triplet_proportion,MSMW+MSW,0.0178543070396333
0.5_046,0.5,average_time_in_MSM_network,MSMW+MSW,47.17492505995204
0.5_046,0.5,average_time_in_WSM_network,MSMW+MSW,146.5884778753763
0.5_046,0.5,average_time_in_network_overall,MSMW+MSW,96.10385079867665
0.5_046,0.5,total_between_network_proportion,MSMW+MSW,0.062773656389664
0.5_046,0.5,total_triplet_proportion,MSMW+MSW,0.0272011615508518
0.5_060,0.5,MSM_group_to_WSM_group_proportion,MSM+MSMW,0.0333750811763614
0.5_060,0.5,MSM_group_to_WSM_group_triplet_proportion,MSM+MSMW,0.0187169496242694
0.5_060,0.5,WSM_group_to_MSM_group_proportion,MSM+MSMW,0.0231932461267278
0.5_060,0.5,WSM_group_to_MSM_group_triplet_proportion,MSM+MSMW,0.0136840152147694
0.5_060,0.5,average_time_in_MSM_network,MSM+MSMW,68.67415606309959
0.5_060,0.5,average_time_in_WSM_network,MSM+MSMW,368.3447346580091
0.5_060,0.5,average_time_in_network_overall,MSM+MSMW,220.5582455324224
0.5_060,0.5,total_between_network_proportion,MSM+MSMW,0.0565683273030893
0.5_060,0.5,total_triplet_proportion,MSM+MSMW,0.0324009648390388
0.5_060,0.5,MSM_group_to_WSM_group_proportion,MSMW+MSW,0.0233324056034882
0.5_060,0.5,MSM_group_to_WSM_group_triplet_proportion,MSMW+MSW,0.0165599777344837
0.5_060,0.5,WSM_group_to_MSM_group_proportion,MSMW+MSW,0.0226366082196864
0.5_060,0.5,WSM_group_to_MSM_group_triplet_proportion,MSMW+MSW,0.006726041376751
0.5_060,0.5,average_time_in_MSM_network,MSMW+MSW,117.42722042192976
0.5_060,0.5,average_time_in_WSM_network,MSMW+MSW,410.0591271298076
0.5_060,0.5,average_time_in_network_overall,MSMW+MSW,265.24990727609907
0.5_060,0.5,total_between_network_proportion,MSMW+MSW,0.0459690138231746
0.5_060,0.5,total_triplet_proportion,MSMW+MSW,0.0232860191112348
0.5_061,0.5,MSM_group_to_WSM_group_proportion,MSM+MSMW,0.0419368055722927
0.5_061,0.5,MSM_group_to_WSM_group_triplet_proportion,MSM+MSMW,0.0159070641825938
0.5_061,0.5,WSM_group_to_MSM_group_proportion,MSM+MSMW,0.0239087994986864
0.5_061,0.5,WSM_group_to_MSM_group_triplet_proportion,MSM+MSMW,0.0122436190981176
0.5_061,0.5,average_time_in_MSM_network,MSM+MSMW,252.2683275072621
0.5_061,0.5,average_time_in_WSM_network,MSM+MSMW,309.5276867586172
0.5_061,0.5,average_time_in_network_overall,MSM+MSMW,280.4495443237364
0.5_061,0.5,total_between_network_proportion,MSM+MSMW,0.0658456050709792
0.5_061,0.5,total_triplet_proportion,MSM+MSMW,0.0281506832807114
0.5_061,0.5,MSM_group_to_WSM_group_proportion,MSMW+MSW,0.0323443638379407
0.5_061,0.5,MSM_group_to_WSM_group_triplet_proportion,MSMW+MSW,0.0200284399026294
0.5_061,0.5,WSM_group_to_MSM_group_proportion,MSMW+MSW,0.0315249090164132
0.5_061,0.5,WSM_group_to_MSM_group_triplet_proportion,MSMW+MSW,0.0181003109107999
0.5_061,0.5,average_time_in_MSM_network,MSMW+MSW,78.64480655118604
0.5_061,0.5,average_time_in_WSM_network,MSMW+MSW,122.78004923525565
0.5_061,0.5,average_time_in_network_overall,MSMW+MSW,100.48569006928864
0.5_061,0.5,total_between_network_proportion,MSMW+MSW,0.0638692728543539
0.5_061,0.5,total_triplet_proportion,MSMW+MSW,0.0381287508134294
0.5_066,0.5,MSM_group_to_WSM_group_proportion,MSM+MSMW,0.033960157994161
0.5_066,0.5,MSM_group_to_WSM_group_triplet_proportion,MSM+MSMW,0.0113987635239567
0.5_066,0.5,WSM_group_to_MSM_group_proportion,MSM+MSMW,0.0212519319938176
0.5_066,0.5,WSM_group_to_MSM_group_triplet_proportion,MSM+MSMW,0.011913961875322
0.5_066,0.5,average_time_in_MSM_network,MSM+MSMW,196.75557851448943
0.5_066,0.5,average_time_in_WSM_network,MSM+MSMW,277.27389302320347
0.5_066,0.5,average_time_in_network_overall,MSM+MSMW,234.8887603305785
0.5_066,0.5,total_between_network_proportion,MSM+MSMW,0.0552120899879787
0.5_066,0.5,total_triplet_proportion,MSM+MSMW,0.0233127253992787
0.5_066,0.5,MSM_group_to_WSM_group_proportion,MSMW+MSW,0.0251803194229778
0.5_066,0.5,MSM_group_to_WSM_group_triplet_proportion,MSMW+MSW,0.012150094453031
0.5_066,0.5,WSM_group_to_MSM_group_proportion,MSMW+MSW,0.0271337798385711
0.5_066,0.5,WSM_group_to_MSM_group_triplet_proportion,MSMW+MSW,0.0092521037266014
0.5_066,0.5,average_time_in_MSM_network,MSMW+MSW,117.961366394508
0.5_066,0.5,average_time_in_WSM_network,MSMW+MSW,144.97724332496844
0.5_066,0.5,average_time_in_network_overall,MSMW+MSW,130.91686318771465
0.5_066,0.5,total_between_network_proportion,MSMW+MSW,0.052314099261549
0.5_066,0.5,total_triplet_proportion,MSMW+MSW,0.0214021981796324
0.5_067,0.5,MSM_group_to_WSM_group_proportion,MSM+MSMW,0.0391070709940108
0.5_067,0.5,MSM_group_to_WSM_group_triplet_proportion,MSM+MSMW,0.0120966787396728
0.5_067,0.5,WSM_group_to_MSM_group_proportion,MSM+MSMW,0.0292119404398361
0.5_067,0.5,WSM_group_to_MSM_group_triplet_proportion,MSM+MSMW,0.0171152617001633
0.5_067,0.5,average_time_in_MSM_network,MSM+MSMW,117.92625137889743
0.5_067,0.5,average_time_in_WSM_network,MSM+MSMW,311.15552824554635
0.5_067,0.5,average_time_in_network_overall,MSM+MSMW,210.94832804455288
0.5_067,0.5,total_between_network_proportion,MSM+MSMW,0.068319011433847
0.5_067,0.5,total_triplet_proportion,MSM+MSMW,0.0292119404398361
0.5_067,0.5,MSM_group_to_WSM_group_proportion,MSMW+MSW,0.027862604455176
0.5_067,0.5,MSM_group_to_WSM_group_triplet_proportion,MSMW+MSW,0.0188907037852425
0.5_067,0.5,WSM_group_to_MSM_group_proportion,MSMW+MSW,0.0254006580971995
0.5_067,0.5,WSM_group_to_MSM_group_triplet_proportion,MSMW+MSW,0.0165234476718036
0.5_067,0.5,average_time_in_MSM_network,MSMW+MSW,84.03651669181363
0.5_067,0.5,average_time_in_WSM_network,MSMW+MSW,172.56257025103034
0.5_067,0.5,average_time_in_network_overall,MSMW+MSW,128.56922654582257
0.5_067,0.5,total_between_network_proportion,MSMW+MSW,0.0532632625523755
0.5_067,0.5,total_triplet_proportion,MSMW+MSW,0.0354141514570461
0.5_090,0.5,MSM_group_to_WSM_group_proportion,MSM+MSMW,0.0298702175037675
0.5_090,0.5,MSM_group_to_WSM_group_triplet_proportion,MSM+MSMW,0.0143278076429969
0.5_090,0.5,WSM_group_to_MSM_group_proportion,MSM+MSMW,0.0189163049101419
0.5_090,0.5,WSM_group_to_MSM_group_triplet_proportion,MSM+MSMW,0.0103915967520636
0.5_090,0.5,average_time_in_MSM_network,MSM+MSMW,90.863238441918
0.5_090,0.5,average_time_in_WSM_network,MSM+MSMW,439.11316636505546
0.5_090,0.5,average_time_in_network_overall,MSM+MSMW,258.47044040210625
0.5_090,0.5,total_between_network_proportion,MSM+MSMW,0.0487865224139094
0.5_090,0.5,total_triplet_proportion,MSM+MSMW,0.0247194043950606
0.5_090,0.5,MSM_group_to_WSM_group_proportion,MSMW+MSW,0.0169144605141816
0.5_090,0.5,MSM_group_to_WSM_group_triplet_proportion,MSMW+MSW,0.0110888683956004
0.5_090,0.5,WSM_group_to_MSM_group_proportion,MSMW+MSW,0.0176117321577183
0.5_090,0.5,WSM_group_to_MSM_group_triplet_proportion,MSMW+MSW,0.007287613306642
0.5_090,0.5,average_time_in_MSM_network,MSMW+MSW,128.5897190293742
0.5_090,0.5,average_time_in_WSM_network,MSMW+MSW,407.1353705270493
0.5_090,0.5,average_time_in_network_overall,MSMW+MSW,257.00717022692334
0.5_090,0.5,total_between_network_proportion,MSMW+MSW,0.0345261926718999
0.5_090,0.5,total_triplet_proportion,MSMW+MSW,0.0183764817022425
0.75_022,0.75,MSM_group_to_WSM_group_proportion,MSM+MSMW,0.0447454549798131
0.75_022,0.75,MSM_group_to_WSM_group_triplet_proportion,MSM+MSMW,0.0081941756850378
0.75_022,0.75,WSM_group_to_MSM_group_proportion,MSM+MSMW,0.0301966124369908
0.75_022,0.75,WSM_group_to_MSM_group_triplet_proportion,MSM+MSMW,0.0174633889963926
0.75_022,0.75,average_time_in_MSM_network,MSM+MSMW,64.02302950783823
0.75_022,0.75,average_time_in_WSM_network,MSM+MSMW,215.56521592146095
0.75_022,0.75,average_time_in_network_overall,MSM+MSMW,140.19765493568067
0.75_022,0.75,total_between_network_proportion,MSM+MSMW,0.074942067416804
0.75_022,0.75,total_triplet_proportion,MSM+MSMW,0.0256575646814305
0.75_022,0.75,MSM_group_to_WSM_group_proportion,MSMW+MSW,0.0127810028906567
0.75_022,0.75,MSM_group_to_WSM_group_triplet_proportion,MSMW+MSW,0.0094364413865596
0.75_022,0.75,WSM_group_to_MSM_group_proportion,MSMW+MSW,0.0118970830645739
0.75_022,0.75,WSM_group_to_MSM_group_triplet_proportion,MSMW+MSW,0.0074535942091306
0.75_022,0.75,average_time_in_MSM_network,MSMW+MSW,148.6204983111813
0.75_022,0.75,average_time_in_WSM_network,MSMW+MSW,333.7142550589043
0.75_022,0.75,average_time_in_network_overall,MSMW+MSW,242.17822007701068
0.75_022,0.75,total_between_network_proportion,MSMW+MSW,0.0246780859552306
0.75_022,0.75,total_triplet_proportion,MSMW+MSW,0.0168900355956902
0.75_035,0.75,MSM_group_to_WSM_group_proportion,MSM+MSMW,0.0461324075884999
0.75_035,0.75,MSM_group_to_WSM_group_triplet_proportion,MSM+MSMW,0.0124193232935654
0.75_035,0.75,WSM_group_to_MSM_group_proportion,MSM+MSMW,0.0305104635243496
0.75_035,0.75,WSM_group_to_MSM_group_triplet_proportion,MSM+MSMW,0.0190934871895169
0.75_035,0.75,average_time_in_MSM_network,MSM+MSMW,72.03452532761754
0.75_035,0.75,average_time_in_WSM_network,MSM+MSMW,234.89264880559588
0.75_035,0.75,average_time_in_network_overall,MSM+MSMW,154.58356078242488
0.75_035,0.75,total_between_network_proportion,MSM+MSMW,0.0766428711128496
0.75_035,0.75,total_triplet_proportion,MSM+MSMW,0.0315128104830823
0.75_035,0.75,MSM_group_to_WSM_group_proportion,MSMW+MSW,0.0197535693330725
0.75_035,0.75,MSM_group_to_WSM_group_triplet_proportion,MSMW+MSW,0.0152796792489732
0.75_035,0.75,WSM_group_to_MSM_group_proportion,MSMW+MSW,0.0197780168198709
0.75_035,0.75,WSM_group_to_MSM_group_triplet_proportion,MSMW+MSW,0.0104635243496968
0.75_035,0.75,average_time_in_MSM_network,MSMW+MSW,109.92079712270194
0.75_035,0.75,average_time_in_WSM_network,MSMW+MSW,386.8616263120229
0.75_035,0.75,average_time_in_network_overall,MSMW+MSW,250.7950551742444
0.75_035,0.75,total_between_network_proportion,MSMW+MSW,0.0395315861529434
0.75_035,0.75,total_triplet_proportion,MSMW+MSW,0.02574320359867
0.75_039,0.75,MSM_group_to_WSM_group_proportion,MSM+MSMW,0.0406316624522782
0.75_039,0.75,MSM_group_to_WSM_group_triplet_proportion,MSM+MSMW,0.0068669740691159
0.75_039,0.75,WSM_group_to_MSM_group_proportion,MSM+MSMW,0.0298477862065546
0.75_039,0.75,WSM_group_to_MSM_group_triplet_proportion,MSM+MSMW,0.0176260597947344
0.75_039,0.75,average_time_in_MSM_network,MSM+MSMW,77.96610169491525
0.75_039,0.75,average_time_in_WSM_network,MSM+MSMW,358.2908528394953
0.75_039,0.75,average_time_in_network_overall,MSM+MSMW,219.3418122858745
0.75_039,0.75,total_between_network_proportion,MSM+MSMW,0.0704794486588328
0.75_039,0.75,total_triplet_proportion,MSM+MSMW,0.0244930338638504
0.75_039,0.75,MSM_group_to_WSM_group_proportion,MSMW+MSW,0.0133620903366552
0.75_039,0.75,MSM_group_to_WSM_group_triplet_proportion,MSMW+MSW,0.0086766820367891
0.75_039,0.75,WSM_group_to_MSM_group_proportion,MSMW+MSW,0.0132629282562348
0.75_039,0.75,WSM_group_to_MSM_group_triplet_proportion,MSMW+MSW,0.0067182309484852
0.75_039,0.75,average_time_in_MSM_network,MSMW+MSW,117.5109589041096
0.75_039,0.75,average_time_in_WSM_network,MSMW+MSW,384.37033403011816
0.75_039,0.75,average_time_in_network_overall,MSMW+MSW,251.17157753039464
0.75_039,0.75,total_between_network_proportion,MSMW+MSW,0.02662501859289
0.75_039,0.75,total_triplet_proportion,MSMW+MSW,0.0153949129852744
0.75_042,0.75,MSM_group_to_WSM_group_proportion,MSM+MSMW,0.0393642372195494
0.75_042,0.75,MSM_group_to_WSM_group_triplet_proportion,MSM+MSMW,0.0051256688098556
0.75_042,0.75,WSM_group_to_MSM_group_proportion,MSM+MSMW,0.0296299626815341
0.75_042,0.75,WSM_group_to_MSM_group_triplet_proportion,MSM+MSMW,0.0184793849197428
0.75_042,0.75,average_time_in_MSM_network,MSM+MSMW,63.67532786336485
0.75_042,0.75,average_time_in_WSM_network,MSM+MSMW,296.5018725211212
0.75_042,0.75,average_time_in_network_overall,MSM+MSMW,180.6123105632838
0.75_042,0.75,total_between_network_proportion,MSM+MSMW,0.0689941999010835
0.75_042,0.75,total_triplet_proportion,MSM+MSMW,0.0236050537295984
0.75_042,0.75,MSM_group_to_WSM_group_proportion,MSMW+MSW,0.014163032237759
0.75_042,0.75,MSM_group_to_WSM_group_triplet_proportion,MSMW+MSW,0.0107234386943033
0.75_042,0.75,WSM_group_to_MSM_group_proportion,MSMW+MSW,0.0119149318825592
0.75_042,0.75,WSM_group_to_MSM_group_triplet_proportion,MSMW+MSW,0.0077784272289915
0.75_042,0.75,average_time_in_MSM_network,MSMW+MSW,174.51645115144035
0.75_042,0.75,average_time_in_WSM_network,MSMW+MSW,601.7042105562023
0.75_042,0.75,average_time_in_network_overall,MSMW+MSW,386.8143977875607
0.75_042,0.75,total_between_network_proportion,MSMW+MSW,0.0260779641203183
0.75_042,0.75,total_triplet_proportion,MSMW+MSW,0.0185018659232948
0.75_046,0.75,MSM_group_to_WSM_group_proportion,MSM+MSMW,0.0569094172097855
0.75_046,0.75,MSM_group_to_WSM_group_triplet_proportion,MSM+MSMW,0.0094927741569849
0.75_046,0.75,WSM_group_to_MSM_group_proportion,MSM+MSMW,0.0381836214224992
0.75_046,0.75,WSM_group_to_MSM_group_triplet_proportion,MSM+MSMW,0.0201426277510153
0.75_046,0.75,average_time_in_MSM_network,MSM+MSMW,52.50687692273146
0.75_046,0.75,average_time_in_WSM_network,MSM+MSMW,213.39594455086976
0.75_046,0.75,average_time_in_network_overall,MSM+MSMW,133.62470948114375
0.75_046,0.75,total_between_network_proportion,MSM+MSMW,0.0950930386322848
0.75_046,0.75,total_triplet_proportion,MSM+MSMW,0.0296354019080003
0.75_046,0.75,MSM_group_to_WSM_group_proportion,MSMW+MSW,0.0133418343251157
0.75_046,0.75,MSM_group_to_WSM_group_triplet_proportion,MSMW+MSW,0.0050533673373004
0.75_046,0.75,WSM_group_to_MSM_group_proportion,MSMW+MSW,0.020709360536507
0.75_046,0.75,WSM_group_to_MSM_group_triplet_proportion,MSMW+MSW,0.0097289128176065
0.75_046,0.75,average_time_in_MSM_network,MSMW+MSW,45.43871242559952
0.75_046,0.75,average_time_in_WSM_network,MSMW+MSW,335.3260215874156
0.75_046,0.75,average_time_in_network_overall,MSMW+MSW,192.2478308056845
0.75_046,0.75,total_between_network_proportion,MSMW+MSW,0.0340511948616227
0.75_046,0.75,total_triplet_proportion,MSMW+MSW,0.0147822801549069
0.75_053,0.75,MSM_group_to_WSM_group_proportion,MSM+MSMW,0.0374080334062437
0.75_053,0.75,MSM_group_to_WSM_group_triplet_proportion,MSM+MSMW,0.0059405448399284
0.75_053,0.75,WSM_group_to_MSM_group_proportion,MSM+MSMW,0.0297524358719427
0.75_053,0.75,WSM_group_to_MSM_group_triplet_proportion,MSM+MSMW,0.0192881288526546
0.75_053,0.75,average_time_in_MSM_network,MSM+MSMW,61.70207494927528
0.75_053,0.75,average_time_in_WSM_network,MSM+MSMW,386.5355639290117
0.75_053,0.75,average_time_in_network_overall,MSM+MSMW,221.1327164898141
0.75_053,0.75,total_between_network_proportion,MSM+MSMW,0.0671604692781865
0.75_053,0.75,total_triplet_proportion,MSM+MSMW,0.025228673692583
0.75_053,0.75,MSM_group_to_WSM_group_proportion,MSMW+MSW,0.0132233048319745
0.75_053,0.75,MSM_group_to_WSM_group_triplet_proportion,MSMW+MSW,0.0091220918671704
0.75_053,0.75,WSM_group_to_MSM_group_proportion,MSMW+MSW,0.0127758997812686
0.75_053,0.75,WSM_group_to_MSM_group_triplet_proportion,MSMW+MSW,0.0061145356929807
0.75_053,0.75,average_time_in_MSM_network,MSMW+MSW,117.31267359325172
0.75_053,0.75,average_time_in_WSM_network,MSMW+MSW,517.9870538031255
0.75_053,0.75,average_time_in_network_overall,MSMW+MSW,306.2068482722997
0.75_053,0.75,total_between_network_proportion,MSMW+MSW,0.0259992046132431
0.75_053,0.75,total_triplet_proportion,MSMW+MSW,0.0152366275601511
0.75_061,0.75,MSM_group_to_WSM_group_proportion,MSM+MSMW,0.0509615384615384
0.75_061,0.75,MSM_group_to_WSM_group_triplet_proportion,MSM+MSMW,0.0050049309664694
0.75_061,0.75,WSM_group_to_MSM_group_proportion,MSM+MSMW,0.0366863905325443
0.75_061,0.75,WSM_group_to_MSM_group_triplet_proportion,MSM+MSMW,0.0224358974358974
0.75_061,0.75,average_time_in_MSM_network,MSM+MSMW,91.61535770509008
0.75_061,0.75,average_time_in_WSM_network,MSM+MSMW,231.1306963875141
0.75_061,0.75,average_time_in_network_overall,MSM+MSMW,159.0339606723588
0.75_061,0.75,total_between_network_proportion,MSM+MSMW,0.0876479289940828
0.75_061,0.75,total_triplet_proportion,MSM+MSMW,0.0274408284023668
0.75_061,0.75,MSM_group_to_WSM_group_proportion,MSMW+MSW,0.0170611439842209
0.75_061,0.75,MSM_group_to_WSM_group_triplet_proportion,MSMW+MSW,0.0107988165680473
0.75_061,0.75,WSM_group_to_MSM_group_proportion,MSMW+MSW,0.0173816568047337
0.75_061,0.75,WSM_group_to_MSM_group_triplet_proportion,MSMW+MSW,0.0106508875739644
0.75_061,0.75,average_time_in_MSM_network,MSMW+MSW,74.24650813160916
0.75_061,0.75,average_time_in_WSM_network,MSMW+MSW,192.0697522019704
0.75_061,0.75,average_time_in_network_overall,MSMW+MSW,130.52943080286084
0.75_061,0.75,total_between_network_proportion,MSMW+MSW,0.0344428007889546
0.75_061,0.75,total_triplet_proportion,MSMW+MSW,0.0214497041420118
0.75_072,0.75,MSM_group_to_WSM_group_proportion,MSM+MSMW,0.0376622532342297
0.75_072,0.75,MSM_group_to_WSM_group_triplet_proportion,MSM+MSMW,0.0153206058898736
0.75_072,0.75,WSM_group_to_MSM_group_proportion,MSM+MSMW,0.0273040501007649
0.75_072,0.75,WSM_group_to_MSM_group_triplet_proportion,MSM+MSMW,0.0184844085205972
0.75_072,0.75,average_time_in_MSM_network,MSM+MSMW,44.59384831501778
0.75_072,0.75,average_time_in_WSM_network,MSM+MSMW,463.1844972316485
0.75_072,0.75,average_time_in_network_overall,MSM+MSMW,260.48572906480734
0.75_072,0.75,total_between_network_proportion,MSM+MSMW,0.0649663033349946
0.75_072,0.75,total_triplet_proportion,MSM+MSMW,0.0338050144104708
0.75_072,0.75,MSM_group_to_WSM_group_proportion,MSMW+MSW,0.0125035213556677
0.75_072,0.75,MSM_group_to_WSM_group_triplet_proportion,MSMW+MSW,0.0082128849112618
0.75_072,0.75,WSM_group_to_MSM_group_proportion,MSMW+MSW,0.0119184345677942
0.75_072,0.75,WSM_group_to_MSM_group_triplet_proportion,MSMW+MSW,0.0056775088304765
0.75_072,0.75,average_time_in_MSM_network,MSMW+MSW,78.25479034714985
0.75_072,0.75,average_time_in_WSM_network,MSMW+MSW,634.8799728105323
0.75_072,0.75,average_time_in_network_overall,MSMW+MSW,372.3828689175394
0.75_072,0.75,total_between_network_proportion,MSMW+MSW,0.0244219559234619
0.75_072,0.75,total_triplet_proportion,MSMW+MSW,0.0138903937417383
0.75_077,0.75,MSM_group_to_WSM_group_proportion,MSM+MSMW,0.033796923076923
0.75_077,0.75,MSM_group_to_WSM_group_triplet_proportion,MSM+MSMW,0.0054892307692307
0.75_077,0.75,WSM_group_to_MSM_group_proportion,MSM+MSMW,0.0251076923076923
0.75_077,0.75,WSM_group_to_MSM_group_triplet_proportion,MSM+MSMW,0.0160738461538461
0.75_077,0.75,average_time_in_MSM_network,MSM+MSMW,90.35536574259338
0.75_077,0.75,average_time_in_WSM_network,MSM+MSMW,428.6986708904345
0.75_077,0.75,average_time_in_network_overall,MSM+MSMW,259.6856087238237
0.75_077,0.75,total_between_network_proportion,MSM+MSMW,0.0589046153846153
0.75_077,0.75,total_triplet_proportion,MSM+MSMW,0.0215630769230769
0.75_077,0.75,MSM_group_to_WSM_group_proportion,MSMW+MSW,0.012996923076923
0.75_077,0.75,MSM_group_to_WSM_group_triplet_proportion,MSMW+MSW,0.0097230769230769
0.75_077,0.75,WSM_group_to_MSM_group_proportion,MSMW+MSW,0.0128738461538461
0.75_077,0.75,WSM_group_to_MSM_group_triplet_proportion,MSMW+MSW,0.0061538461538461
0.75_077,0.75,average_time_in_MSM_network,MSMW+MSW,173.16920976793568
0.75_077,0.75,average_time_in_WSM_network,MSMW+MSW,394.4451370428087
0.75_077,0.75,average_time_in_network_overall,MSMW+MSW,283.40633562686475
0.75_077,0.75,total_between_network_proportion,MSMW+MSW,0.0258707692307692
0.75_077,0.75,total_triplet_proportion,MSMW+MSW,0.015876923076923
0.75_099,0.75,MSM_group_to_WSM_group_proportion,MSM+MSMW,0.0268245201014125
0.75_099,0.75,MSM_group_to_WSM_group_triplet_proportion,MSM+MSMW,0.002874864179645
0.75_099,0.75,WSM_group_to_MSM_group_proportion,MSM+MSMW,0.0212332488228902
0.75_099,0.75,WSM_group_to_MSM_group_triplet_proportion,MSM+MSMW,0.0152345164795364
0.75_099,0.75,average_time_in_MSM_network,MSM+MSMW,66.6645230061755
0.75_099,0.75,average_time_in_WSM_network,MSM+MSMW,342.7855133486996
0.75_099,0.75,average_time_in_network_overall,MSM+MSMW,202.67920665501472
0.75_099,0.75,total_between_network_proportion,MSM+MSMW,0.0480577689243027
0.75_099,0.75,total_triplet_proportion,MSM+MSMW,0.0181093806591814
0.75_099,0.75,MSM_group_to_WSM_group_proportion,MSMW+MSW,0.0118163708801159
0.75_099,0.75,MSM_group_to_WSM_group_triplet_proportion,MSMW+MSW,0.0059987323433538
0.75_099,0.75,WSM_group_to_MSM_group_proportion,MSMW+MSW,0.0124728359290112
0.75_099,0.75,WSM_group_to_MSM_group_triplet_proportion,MSMW+MSW,0.0064967403114813
0.75_099,0.75,average_time_in_MSM_network,MSMW+MSW,94.23102410145148
0.75_099,0.75,average_time_in_WSM_network,MSMW+MSW,374.6189911618884
0.75_099,0.75,average_time_in_network_overall,MSMW+MSW,229.81093593919653
0.75_099,0.75,total_between_network_proportion,MSMW+MSW,0.0242892068091271
0.75_099,0.75,total_triplet_proportion,MSMW+MSW,0.0124954726548352
0.95_007,0.95,MSM_group_to_WSM_group_proportion,MSM+MSMW,0.0322633861236802
0.95_007,0.95,MSM_group_to_WSM_group_triplet_proportion,MSM+MSMW,0.0005420437405731
0.95_007,0.95,WSM_group_to_MSM_group_proportion,MSM+MSMW,0.0222709276018099
0.95_007,0.95,WSM_group_to_MSM_group_triplet_proportion,MSM+MSMW,0.0160727752639517
0.95_007,0.95,average_time_in_MSM_network,MSM+MSMW,58.95090242937736
0.95_007,0.95,average_time_in_WSM_network,MSM+MSMW,342.9382595475186
0.95_007,0.95,average_time_in_network_overall,MSM+MSMW,203.30274881904677
0.95_007,0.95,total_between_network_proportion,MSM+MSMW,0.0545343137254902
0.95_007,0.95,total_triplet_proportion,MSM+MSMW,0.0166148190045248
0.95_007,0.95,MSM_group_to_WSM_group_proportion,MSMW+MSW,0.0030401583710407
0.95_007,0.95,MSM_group_to_WSM_group_triplet_proportion,MSMW+MSW,0.0021917420814479
0.95_007,0.95,WSM_group_to_MSM_group_proportion,MSMW+MSW,0.0032758295625942
0.95_007,0.95,WSM_group_to_MSM_group_triplet_proportion,MSMW+MSW,0.0023095776772247
0.95_007,0.95,average_time_in_MSM_network,MSMW+MSW,721.7924762941085
0.95_007,0.95,average_time_in_WSM_network,MSMW+MSW,541.0176819407008
0.95_007,0.95,average_time_in_network_overall,MSMW+MSW,615.0515660809779
0.95_007,0.95,total_between_network_proportion,MSMW+MSW,0.0063159879336349
0.95_007,0.95,total_triplet_proportion,MSMW+MSW,0.0045013197586726
0.95_010,0.95,MSM_group_to_WSM_group_proportion,MSM+MSMW,0.0215325177076625
0.95_010,0.95,MSM_group_to_WSM_group_triplet_proportion,MSM+MSMW,0.0009014810045074
0.95_010,0.95,WSM_group_to_MSM_group_proportion,MSM+MSMW,0.0182871860914359
0.95_010,0.95,WSM_group_to_MSM_group_triplet_proportion,MSM+MSMW,0.0138055376690276
0.95_010,0.95,average_time_in_MSM_network,MSM+MSMW,189.8364051865468
0.95_010,0.95,average_time_in_WSM_network,MSM+MSMW,607.2792334873607
0.95_010,0.95,average_time_in_network_overall,MSM+MSMW,389.1630801578237
0.95_010,0.95,total_between_network_proportion,MSM+MSMW,0.0398197037990985
0.95_010,0.95,total_triplet_proportion,MSM+MSMW,0.014707018673535
0.95_010,0.95,MSM_group_to_WSM_group_proportion,MSMW+MSW,0.0023180940115904
0.95_010,0.95,MSM_group_to_WSM_group_triplet_proportion,MSMW+MSW,0.0020862846104314
0.95_010,0.95,WSM_group_to_MSM_group_proportion,MSMW+MSW,0.0021635544108177
0.95_010,0.95,WSM_group_to_MSM_group_triplet_proportion,MSMW+MSW,0.0018029620090148
0.95_010,0.95,average_time_in_MSM_network,MSMW+MSW,696.8251090644692
0.95_010,0.95,average_time_in_WSM_network,MSMW+MSW,169.45768753874768
0.95_010,0.95,average_time_in_network_overall,MSMW+MSW,493.89228842368937
0.95_010,0.95,total_between_network_proportion,MSMW+MSW,0.0044816484224082
0.95_010,0.95,total_triplet_proportion,MSMW+MSW,0.0038892466194462
0.95_019,0.95,MSM_group_to_WSM_group_proportion,MSM+MSMW,0.0220248382299746
0.95_019,0.95,MSM_group_to_WSM_group_triplet_proportion,MSM+MSMW,0.0004220087617057
0.95_019,0.95,WSM_group_to_MSM_group_proportion,MSM+MSMW,0.0160966199107752
0.95_019,0.95,WSM_group_to_MSM_group_triplet_proportion,MSM+MSMW,0.0103894538000884
0.95_019,0.95,average_time_in_MSM_network,MSM+MSMW,27.00661805363561
0.95_019,0.95,average_time_in_WSM_network,MSM+MSMW,488.4782680822827
0.95_019,0.95,average_time_in_network_overall,MSM+MSMW,262.44496072855304
0.95_019,0.95,total_between_network_proportion,MSM+MSMW,0.0381214581407499
0.95_019,0.95,total_triplet_proportion,MSM+MSMW,0.0108114625617941
0.95_019,0.95,MSM_group_to_WSM_group_proportion,MSMW+MSW,0.001949278565974
0.95_019,0.95,MSM_group_to_WSM_group_triplet_proportion,MSMW+MSW,0.0017483220127808
0.95_019,0.95,WSM_group_to_MSM_group_proportion,MSMW+MSW,0.0016880350468228
0.95_019,0.95,WSM_group_to_MSM_group_triplet_proportion,MSMW+MSW,0.0014267915276717
0.95_019,0.95,average_time_in_MSM_network,MSMW+MSW,758.093271152565
0.95_019,0.95,average_time_in_WSM_network,MSMW+MSW,291.00274306613835
0.95_019,0.95,average_time_in_network_overall,MSMW+MSW,437.6156419907989
0.95_019,0.95,total_between_network_proportion,MSMW+MSW,0.0036373136127969
0.95_019,0.95,total_triplet_proportion,MSMW+MSW,0.0031751135404525
0.95_026,0.95,MSM_group_to_WSM_group_proportion,MSM+MSMW,0.0134146997150384
0.95_026,0.95,MSM_group_to_WSM_group_triplet_proportion,MSM+MSMW,0.0013172751223184
0.95_026,0.95,WSM_group_to_MSM_group_proportion,MSM+MSMW,0.0113984622829184
0.95_026,0.95,WSM_group_to_MSM_group_triplet_proportion,MSM+MSMW,0.0079843002311952
0.95_026,0.95,average_time_in_MSM_network,MSM+MSMW,155.9289051549603
0.95_026,0.95,average_time_in_WSM_network,MSM+MSMW,694.6656986823856
0.95_026,0.95,average_time_in_network_overall,MSM+MSMW,410.8664574616457
0.95_026,0.95,total_between_network_proportion,MSM+MSMW,0.0248131619979568
0.95_026,0.95,total_triplet_proportion,MSM+MSMW,0.0093015753535136
0.95_026,0.95,MSM_group_to_WSM_group_proportion,MSMW+MSW,0.002419484918544
0.95_026,0.95,MSM_group_to_WSM_group_triplet_proportion,MSMW+MSW,0.0021775364266896
0.95_026,0.95,WSM_group_to_MSM_group_proportion,MSMW+MSW,0.0014248077853648
0.95_026,0.95,WSM_group_to_MSM_group_triplet_proportion,MSMW+MSW,0.0012635087907952
0.95_026,0.95,average_time_in_MSM_network,MSMW+MSW,681.4996961225233
0.95_026,0.95,average_time_in_WSM_network,MSMW+MSW,118.84926754047802
0.95_026,0.95,average_time_in_network_overall,MSMW+MSW,463.9051807677972
0.95_026,0.95,total_between_network_proportion,MSMW+MSW,0.0038442927039088
0.95_026,0.95,total_triplet_proportion,MSMW+MSW,0.0034410452174848
0.95_050,0.95,MSM_group_to_WSM_group_proportion,MSM+MSMW,0.026075530685757
0.95_050,0.95,MSM_group_to_WSM_group_triplet_proportion,MSM+MSMW,0.0041458054869622
0.95_050,0.95,WSM_group_to_MSM_group_proportion,MSM+MSMW,0.021023538207109
0.95_050,0.95,WSM_group_to_MSM_group_triplet_proportion,MSM+MSMW,0.0150653587367753
0.95_050,0.95,average_time_in_MSM_network,MSM+MSMW,81.85547081352351
0.95_050,0.95,average_time_in_WSM_network,MSM+MSMW,524.4295681631004
0.95_050,0.95,average_time_in_network_overall,MSM+MSMW,309.8327289900664
0.95_050,0.95,total_between_network_proportion,MSM+MSMW,0.047099068892866
0.95_050,0.95,total_triplet_proportion,MSM+MSMW,0.0192111642237375
0.95_050,0.95,MSM_group_to_WSM_group_proportion,MSMW+MSW,0.0036927119911193
0.95_050,0.95,MSM_group_to_WSM_group_triplet_proportion,MSMW+MSW,0.0026732516254729
0.95_050,0.95,WSM_group_to_MSM_group_proportion,MSMW+MSW,0.0036020932919507
0.95_050,0.95,WSM_group_to_MSM_group_triplet_proportion,MSMW+MSW,0.0019936113817086
0.95_050,0.95,average_time_in_MSM_network,MSMW+MSW,118.662089084958
0.95_050,0.95,average_time_in_WSM_network,MSMW+MSW,568.2083748753739
0.95_050,0.95,average_time_in_network_overall,MSMW+MSW,354.7686187733315
0.95_050,0.95,total_between_network_proportion,MSMW+MSW,0.0072948052830701
0.95_050,0.95,total_triplet_proportion,MSMW+MSW,0.0046668630071815
0.95_051,0.95,MSM_group_to_WSM_group_proportion,MSM+MSMW,0.0220547975207516
0.95_051,0.95,MSM_group_to_WSM_group_triplet_proportion,MSM+MSMW,0.0006132416391072
0.95_051,0.95,WSM_group_to_MSM_group_proportion,MSM+MSMW,0.0171707658950042
0.95_051,0.95,WSM_group_to_MSM_group_triplet_proportion,MSM+MSMW,0.0123305372434788
0.95_051,0.95,average_time_in_MSM_network,MSM+MSMW,69.87170777459505
0.95_051,0.95,average_time_in_WSM_network,MSM+MSMW,693.3710252492178
0.95_051,0.95,average_time_in_network_overall,MSM+MSMW,388.499504201889
0.95_051,0.95,total_between_network_proportion,MSM+MSMW,0.0392255634157559
0.95_051,0.95,total_triplet_proportion,MSM+MSMW,0.0129437788825861
0.95_051,0.95,MSM_group_to_WSM_group_proportion,MSMW+MSW,0.0037670557830876
0.95_051,0.95,MSM_group_to_WSM_group_triplet_proportion,MSMW+MSW,0.0035261394248669
0.95_051,0.95,WSM_group_to_MSM_group_proportion,MSMW+MSW,0.002606276966206
0.95_051,0.95,WSM_group_to_MSM_group_triplet_proportion,MSMW+MSW,0.0023434591208743
0.95_051,0.95,average_time_in_MSM_network,MSMW+MSW,271.7395721925134
0.95_051,0.95,average_time_in_WSM_network,MSMW+MSW,996.965034965035
0.95_051,0.95,average_time_in_network_overall,MSMW+MSW,662.1698450904154
0.95_051,0.95,total_between_network_proportion,MSMW+MSW,0.0063733327492936
0.95_051,0.95,total_triplet_proportion,MSMW+MSW,0.0058695985457412
0.95_069,0.95,MSM_group_to_WSM_group_proportion,MSM+MSMW,0.0248065379330295
0.95_069,0.95,MSM_group_to_WSM_group_triplet_proportion,MSM+MSMW,0.0010125117523685
0.95_069,0.95,WSM_group_to_MSM_group_proportion,MSM+MSMW,0.0185627154600901
0.95_069,0.95,WSM_group_to_MSM_group_triplet_proportion,MSM+MSMW,0.0126563969046069
0.95_069,0.95,average_time_in_MSM_network,MSM+MSMW,279.1642006355148
0.95_069,0.95,average_time_in_WSM_network,MSM+MSMW,566.2253683056603
0.95_069,0.95,average_time_in_network_overall,MSM+MSMW,400.2083587003089
0.95_069,0.95,total_between_network_proportion,MSM+MSMW,0.0433692533931197
0.95_069,0.95,total_triplet_proportion,MSM+MSMW,0.0136689086569754
0.95_069,0.95,MSM_group_to_WSM_group_proportion,MSMW+MSW,0.0038571876280706
0.95_069,0.95,MSM_group_to_WSM_group_triplet_proportion,MSMW+MSW,0.0024830645355705
0.95_069,0.95,WSM_group_to_MSM_group_proportion,MSMW+MSW,0.0038330802053952
0.95_069,0.95,WSM_group_to_MSM_group_triplet_proportion,MSMW+MSW,0.0036884356693425
0.95_069,0.95,average_time_in_MSM_network,MSMW+MSW,652.2238401469913
0.95_069,0.95,average_time_in_WSM_network,MSMW+MSW,663.3966064284729
0.95_069,0.95,average_time_in_network_overall,MSMW+MSW,655.014817877942
0.95_069,0.95,total_between_network_proportion,MSMW+MSW,0.0076902678334659
0.95_069,0.95,total_triplet_proportion,MSMW+MSW,0.006171500204913
0.95_072,0.95,MSM_group_to_WSM_group_proportion,MSM+MSMW,0.0225289362483924
0.95_072,0.95,MSM_group_to_WSM_group_triplet_proportion,MSM+MSMW,0.0007348888480617
0.95_072,0.95,WSM_group_to_MSM_group_proportion,MSM+MSMW,0.0193137975381223
0.95_072,0.95,WSM_group_to_MSM_group_triplet_proportion,MSM+MSMW,0.0153637699797905
0.95_072,0.95,average_time_in_MSM_network,MSM+MSMW,42.69593511572738
0.95_072,0.95,average_time_in_WSM_network,MSM+MSMW,518.8877782967461
0.95_072,0.95,average_time_in_network_overall,MSM+MSMW,284.2556034687011
0.95_072,0.95,total_between_network_proportion,MSM+MSMW,0.0418427337865147
0.95_072,0.95,total_triplet_proportion,MSM+MSMW,0.0160986588278522
0.95_072,0.95,MSM_group_to_WSM_group_proportion,MSMW+MSW,0.0029854859452507
0.95_072,0.95,MSM_group_to_WSM_group_triplet_proportion,MSMW+MSW,0.0027328679037295
0.95_072,0.95,WSM_group_to_MSM_group_proportion,MSMW+MSW,0.0024572845857064
0.95_072,0.95,WSM_group_to_MSM_group_triplet_proportion,MSMW+MSW,0.0022735623736909
0.95_072,0.95,average_time_in_MSM_network,MSMW+MSW,374.09446564885496
0.95_072,0.95,average_time_in_WSM_network,MSMW+MSW,386.7658914728682
0.95_072,0.95,average_time_in_network_overall,MSMW+MSW,381.7744784814884
0.95_072,0.95,total_between_network_proportion,MSMW+MSW,0.0054427705309571
0.95_072,0.95,total_triplet_proportion,MSMW+MSW,0.0050064302774205
0.95_073,0.95,MSM_group_to_WSM_group_proportion,MSM+MSMW,0.016125596455351
0.95_073,0.95,MSM_group_to_WSM_group_triplet_proportion,MSM+MSMW,0.0007242672119972
0.95_073,0.95,WSM_group_to_MSM_group_proportion,MSM+MSMW,0.0150178936605316
0.95_073,0.95,WSM_group_to_MSM_group_triplet_proportion,MSM+MSMW,0.0120782208588957
0.95_073,0.95,average_time_in_MSM_network,MSM+MSMW,38.43860425376095
0.95_073,0.95,average_time_in_WSM_network,MSM+MSMW,501.0388140240773
0.95_073,0.95,average_time_in_network_overall,MSM+MSMW,274.33050194782373
0.95_073,0.95,total_between_network_proportion,MSM+MSMW,0.0311434901158827
0.95_073,0.95,total_triplet_proportion,MSM+MSMW,0.0128024880708929
0.95_073,0.95,MSM_group_to_WSM_group_proportion,MSMW+MSW,0.0020236877982276
0.95_073,0.95,MSM_group_to_WSM_group_triplet_proportion,MSMW+MSW,0.0018106680299931
0.95_073,0.95,WSM_group_to_MSM_group_proportion,MSMW+MSW,0.0014911383776414
0.95_073,0.95,WSM_group_to_MSM_group_triplet_proportion,MSMW+MSW,0.0012781186094069
0.95_073,0.95,average_time_in_MSM_network,MSMW+MSW,625.2222222222222
0.95_073,0.95,average_time_in_WSM_network,MSMW+MSW,1193.2861374407582
0.95_073,0.95,average_time_in_network_overall,MSMW+MSW,978.9263494405508
0.95_073,0.95,total_between_network_proportion,MSMW+MSW,0.0035148261758691
0.95_073,0.95,total_triplet_proportion,MSMW+MSW,0.0030887866394001
0.95_090,0.95,MSM_group_to_WSM_group_proportion,MSM+MSMW,0.0245066146172196
0.95_090,0.95,MSM_group_to_WSM_group_triplet_proportion,MSM+MSMW,0.0036145449287934
0.95_090,0.95,WSM_group_to_MSM_group_proportion,MSM+MSMW,0.0175907853201281
0.95_090,0.95,WSM_group_to_MSM_group_triplet_proportion,MSM+MSMW,0.0126509072507771
0.95_090,0.95,average_time_in_MSM_network,MSM+MSMW,74.93751309668497
0.95_090,0.95,average_time_in_WSM_network,MSM+MSMW,274.8418106496918
0.95_090,0.95,average_time_in_network_overall,MSM+MSMW,176.70244941207935
0.95_090,0.95,total_between_network_proportion,MSM+MSMW,0.0420973999373478
0.95_090,0.95,total_triplet_proportion,MSM+MSMW,0.0162654521795705
0.95_090,0.95,MSM_group_to_WSM_group_proportion,MSMW+MSW,0.0039759994216728
0.95_090,0.95,MSM_group_to_WSM_group_triplet_proportion,MSMW+MSW,0.002192823923468
0.95_090,0.95,WSM_group_to_MSM_group_proportion,MSMW+MSW,0.0040482903202486
0.95_090,0.95,WSM_group_to_MSM_group_triplet_proportion,MSMW+MSW,0.0019518542615484
0.95_090,0.95,average_time_in_MSM_network,MSMW+MSW,278.18905798287244
0.95_090,0.95,average_time_in_WSM_network,MSMW+MSW,350.8601856148492
0.95_090,0.95,average_time_in_network_overall,MSMW+MSW,317.4554822856856
0.95_090,0.95,total_between_network_proportion,MSMW+MSW,0.0080242897419214
0.95_090,0.95,total_triplet_proportion,MSMW+MSW,0.0041446781850165
